{
  "Profiles": [
    {
      "Name": "Happy Patterns Records",
      "Guid": "74AF4548-D889-47FB-A8CE-8DD8904CD49B",
      "Dynamic Profile Parent GUID": "FA151EFD-6793-4E86-AF6E-C040AFF88914",
      "Tags": ["workstation", "happy-patterns", "records"],
      "Rewritable": false,

      "Bound Hosts": [
        "*:/Users/verlyn13/Organizations/happy-patterns/records",
        "*:/Users/verlyn13/Organizations/happy-patterns/records/*"
      ],

      "Badge Text": "\u25A4 HP RECORDS",
      "Use Tab Color": true,
      "Tab Color": {
        "Red Component": 0.7215686274509804,
        "Green Component": 0.43529411764705883,
        "Blue Component": 0.4588235294117647,
        "Alpha Component": 1.0,
        "Color Space": "sRGB"
      },
      "Badge Color": {
        "Red Component": 0.7215686274509804,
        "Green Component": 0.43529411764705883,
        "Blue Component": 0.4588235294117647,
        "Alpha Component": 0.52,
        "Color Space": "sRGB"
      },
      "Bold Color": {
        "Red Component": 0.7215686274509804,
        "Green Component": 0.43529411764705883,
        "Blue Component": 0.4588235294117647,
        "Alpha Component": 1.0,
        "Color Space": "sRGB"
      },
      "Ansi 13 Color": {
        "Red Component": 0.7215686274509804,
        "Green Component": 0.43529411764705883,
        "Blue Component": 0.4588235294117647,
        "Alpha Component": 1.0,
        "Color Space": "sRGB"
      }
    }
  ]
}
